user_id, book_name, name, basic, semantics_count, semantics_score, writing_count, writing_score, pronunciation_count, pronunciation_score, utilize_count, utilize_score, listening_count, listening_score, term_start, book_id
Aw3A3J9HA2zEECXE7yeEsV,湘少版（2024审定）四年级上册,of,1,0,0.0,0,0.0,0,0.0,3,100.0,0,0.0,2026-02-01,7itrYA2NJqRL6JRhoCkaFK
8mnKp18rD3CqjoKdAaTFr7,湘少版（2024审定）四年级上册,late,1,0,0.0,0,0.0,0,0.0,0,0.0,1,100.0,2026-02-01,7itrYA2NJqRL6JRhoCkaFK
oZIXzvloXBzwWC769gnBQHyMXsuA,湘少版（2024审定）四年级上册,playground,1,0,0.0,0,0.0,0,0.0,0,0.0,1,100.0,2026-02-01,7itrYA2NJqRL6JRhoCkaFK
Aw3A3J9HA2zEECXE7yeEsV,湘少版（2024审定）四年级上册,room,1,3,0.0,1,100.0,0,0.0,0,0.0,1,100.0,2026-02-01,7itrYA2NJqRL6JRhoCkaFK
MLHtSWaCY9uK3TcBySze39,湘少版（2024审定）四年级上册,hill,1,0,0.0,0,0.0,1,99.0,0,0.0,0,0.0,2026-02-01,7itrYA2NJqRL6JRhoCkaFK
42kbryeJpHsqRmerAsVVtu,湘少版（2024审定）四年级上册,lion,1,1,100.0,1,100.0,0,0.0,0,0.0,0,0.0,2026-02-01,7itrYA2NJqRL6JRhoCkaFK
8mnKp18rD3CqjoKdAaTFr7,湘少版（2024审定）四年级上册,early,1,0,0.0,0,0.0,0,0.0,0,0.0,1,100.0,2026-02-01,7itrYA2NJqRL6JRhoCkaFK
MLHtSWaCY9uK3TcBySze39,湘少版（2024审定）四年级上册,sunshine,1,1,100.0,0,0.0,0,0.0,0,0.0,1,100.0,2026-02-01,7itrYA2NJqRL6JRhoCkaFK
MLHtSWaCY9uK3TcBySze39,湘少版（2024审定）四年级上册,high,1,0,0.0,0,0.0,1,95.0,0,0.0,1,100.0,2026-02-01,7itrYA2NJqRL6JRhoCkaFK
UCM8KuTs498Y5j3z6NxXyC,湘少版（2024审定）四年级上册,basketball,1,1,100.0,1,100.0,0,0.0,0,0.0,0,0.0,2026-02-01,7itrYA2NJqRL6JRhoCkaFK
8mnKp18rD3CqjoKdAaTFr7,湘少版（2024审定）四年级上册,half,1,0,0.0,0,0.0,0,0.0,0,0.0,1,100.0,2026-02-01,7itrYA2NJqRL6JRhoCkaFK
oZIXzvloXBzwWC769gnBQHyMXsuA,湘少版（2024审定）四年级上册,grade,1,0,0.0,0,0.0,0,0.0,1,0.0,0,0.0,2026-02-01,7itrYA2NJqRL6JRhoCkaFK
UCM8KuTs498Y5j3z6NxXyC,湘少版（2024审定）四年级上册,lion,1,1,100.0,1,100.0,0,0.0,0,0.0,0,0.0,2026-02-01,7itrYA2NJqRL6JRhoCkaFK
UCM8KuTs498Y5j3z6NxXyC,湘少版（2024审定）四年级上册,late,1,0,0.0,1,100.0,0,0.0,0,0.0,1,100.0,2026-02-01,7itrYA2NJqRL6JRhoCkaFK
42kbryeJpHsqRmerAsVVtu,湘少版（2024审定）四年级上册,strong,1,1,100.0,1,100.0,0,0.0,0,0.0,0,0.0,2026-02-01,7itrYA2NJqRL6JRhoCkaFK
8mnKp18rD3CqjoKdAaTFr7,湘少版（2024审定）四年级上册,monkey,1,0,0.0,0,0.0,0,0.0,0,0.0,1,100.0,2026-02-01,7itrYA2NJqRL6JRhoCkaFK
MLHtSWaCY9uK3TcBySze39,湘少版（2024审定）四年级上册,reading room,1,1,100.0,0,0.0,0,0.0,0,0.0,2,100.0,2026-02-01,7itrYA2NJqRL6JRhoCkaFK
42kbryeJpHsqRmerAsVVtu,湘少版（2024审定）四年级上册,kitchen,1,1,100.0,1,0.0,0,0.0,0,0.0,0,0.0,2026-02-01,7itrYA2NJqRL6JRhoCkaFK
JRGHF9DYdXjcusTEhQDXoQ,湘少版（2024审定）四年级上册,has,1,1,100.0,1,100.0,0,0.0,1,0.0,1,100.0,2026-02-01,7itrYA2NJqRL6JRhoCkaFK
UCM8KuTs498Y5j3z6NxXyC,湘少版（2024审定）四年级上册,classroom,1,1,100.0,1,100.0,0,0.0,0,0.0,0,0.0,2026-02-01,7itrYA2NJqRL6JRhoCkaFK
UCM8KuTs498Y5j3z6NxXyC,湘少版（2024审定）四年级上册,be,1,0,0.0,1,100.0,0,0.0,0,0.0,1,100.0,2026-02-01,7itrYA2NJqRL6JRhoCkaFK
MLHtSWaCY9uK3TcBySze39,湘少版（2024审定）四年级上册,village,1,1,100.0,0,0.0,1,30.0,2,100.0,2,100.0,2026-02-01,7itrYA2NJqRL6JRhoCkaFK
42kbryeJpHsqRmerAsVVtu,湘少版（2024审定）四年级上册,know,1,0,0.0,1,100.0,0,0.0,0,0.0,1,100.0,2026-02-01,7itrYA2NJqRL6JRhoCkaFK
42kbryeJpHsqRmerAsVVtu,湘少版（2024审定）四年级上册,be,1,0,0.0,1,100.0,0,0.0,0,0.0,1,100.0,2026-02-01,7itrYA2NJqRL6JRhoCkaFK
T2MbGp5qiZkzzXQuU3ZPW2,湘少版（2024审定）四年级上册,late,1,0,0.0,0,0.0,1,83.0,0,0.0,0,0.0,2026-02-01,7itrYA2NJqRL6JRhoCkaFK
MLHtSWaCY9uK3TcBySze39,湘少版（2024审定）四年级上册,artist,1,1,100.0,0,0.0,1,45.0,0,0.0,1,100.0,2026-02-01,7itrYA2NJqRL6JRhoCkaFK
KFkbNA4im3gUR7gAvHvQ2k,湘少版（2024审定）四年级上册,jump,1,0,0.0,1,100.0,0,0.0,0,0.0,1,100.0,2026-02-01,7itrYA2NJqRL6JRhoCkaFK
JRGHF9DYdXjcusTEhQDXoQ,湘少版（2024审定）四年级上册,fish,1,1,100.0,1,100.0,0,0.0,1,100.0,1,100.0,2026-02-01,7itrYA2NJqRL6JRhoCkaFK
MLHtSWaCY9uK3TcBySze39,湘少版（2024审定）四年级上册,these,1,0,0.0,0,0.0,1,62.0,0,0.0,0,0.0,2026-02-01,7itrYA2NJqRL6JRhoCkaFK
8mnKp18rD3CqjoKdAaTFr7,湘少版（2024审定）四年级上册,never,1,0,0.0,0,0.0,0,0.0,0,0.0,1,100.0,2026-02-01,7itrYA2NJqRL6JRhoCkaFK
Aw3A3J9HA2zEECXE7yeEsV,湘少版（2024审定）四年级上册,office,1,3,100.0,0,0.0,0,0.0,0,0.0,0,0.0,2026-02-01,7itrYA2NJqRL6JRhoCkaFK
WyJVSy6Uu6QCx4e1V8BWo3,湘少版（2024审定）四年级上册,library,1,1,100.0,1,100.0,0,0.0,0,0.0,0,0.0,2026-02-01,7itrYA2NJqRL6JRhoCkaFK
T2MbGp5qiZkzzXQuU3ZPW2,湘少版（2024审定）四年级上册,say,1,0,0.0,0,0.0,1,82.0,0,0.0,0,0.0,2026-02-01,7itrYA2NJqRL6JRhoCkaFK
8mnKp18rD3CqjoKdAaTFr7,湘少版（2024审定）四年级上册,their,1,0,0.0,0,0.0,0,0.0,0,0.0,1,100.0,2026-02-01,7itrYA2NJqRL6JRhoCkaFK
42kbryeJpHsqRmerAsVVtu,湘少版（2024审定）四年级上册,write,1,1,100.0,1,0.0,0,0.0,0,0.0,0,0.0,2026-02-01,7itrYA2NJqRL6JRhoCkaFK
42kbryeJpHsqRmerAsVVtu,湘少版（2024审定）四年级上册,flower,1,1,100.0,1,100.0,0,0.0,0,0.0,0,0.0,2026-02-01,7itrYA2NJqRL6JRhoCkaFK
oZIXzvloXBzwWC769gnBQHyMXsuA,湘少版（2024审定）四年级上册,colour,1,1,100.0,0,0.0,0,0.0,0,0.0,0,0.0,2026-02-01,7itrYA2NJqRL6JRhoCkaFK
42kbryeJpHsqRmerAsVVtu,湘少版（2024审定）四年级上册,late,1,0,0.0,1,0.0,0,0.0,0,0.0,1,100.0,2026-02-01,7itrYA2NJqRL6JRhoCkaFK
JRGHF9DYdXjcusTEhQDXoQ,湘少版（2024审定）四年级上册,dumpling,1,1,100.0,0,0.0,0,0.0,0,0.0,0,0.0,2026-02-01,7itrYA2NJqRL6JRhoCkaFK
T2MbGp5qiZkzzXQuU3ZPW2,湘少版（2024审定）四年级上册,interesting,1,0,0.0,0,0.0,1,63.0,0,0.0,0,0.0,2026-02-01,7itrYA2NJqRL6JRhoCkaFK
42kbryeJpHsqRmerAsVVtu,湘少版（2024审定）四年级上册,key,1,1,100.0,0,0.0,0,0.0,0,0.0,0,0.0,2026-02-01,7itrYA2NJqRL6JRhoCkaFK
42kbryeJpHsqRmerAsVVtu,湘少版（2024审定）四年级上册,those,1,0,0.0,1,100.0,0,0.0,0,0.0,1,100.0,2026-02-01,7itrYA2NJqRL6JRhoCkaFK
UCM8KuTs498Y5j3z6NxXyC,湘少版（2024审定）四年级上册,home,1,0,0.0,1,100.0,0,0.0,0,0.0,1,100.0,2026-02-01,7itrYA2NJqRL6JRhoCkaFK
Aw3A3J9HA2zEECXE7yeEsV,湘少版（2024审定）四年级上册,desk,1,0,0.0,0,0.0,0,0.0,0,0.0,3,100.0,2026-02-01,7itrYA2NJqRL6JRhoCkaFK
WyJVSy6Uu6QCx4e1V8BWo3,湘少版（2024审定）四年级上册,playground,1,1,100.0,1,100.0,0,0.0,0,0.0,0,0.0,2026-02-01,7itrYA2NJqRL6JRhoCkaFK
UCM8KuTs498Y5j3z6NxXyC,湘少版（2024审定）四年级上册,early,1,0,0.0,1,100.0,0,0.0,0,0.0,1,100.0,2026-02-01,7itrYA2NJqRL6JRhoCkaFK
MLHtSWaCY9uK3TcBySze39,湘少版（2024审定）四年级上册,class,1,0,0.0,0,0.0,0,0.0,0,0.0,1,100.0,2026-02-01,7itrYA2NJqRL6JRhoCkaFK
MLHtSWaCY9uK3TcBySze39,湘少版（2024审定）四年级上册,tree,1,0,0.0,0,0.0,1,86.0,0,0.0,1,100.0,2026-02-01,7itrYA2NJqRL6JRhoCkaFK
MLHtSWaCY9uK3TcBySze39,湘少版（2024审定）四年级上册,bathroom,1,0,0.0,0,0.0,0,0.0,0,0.0,2,100.0,2026-02-01,7itrYA2NJqRL6JRhoCkaFK
8mnKp18rD3CqjoKdAaTFr7,湘少版（2024审定）四年级上册,dinner,1,0,0.0,0,0.0,0,0.0,0,0.0,1,100.0,2026-02-01,7itrYA2NJqRL6JRhoCkaFK
oZIXzvloXBzwWC769gnBQHyMXsuA,湘少版（2024审定）四年级上册,garden,1,1,0.0,0,0.0,0,0.0,0,0.0,0,0.0,2026-02-01,7itrYA2NJqRL6JRhoCkaFK
MLHtSWaCY9uK3TcBySze39,湘少版（2024审定）四年级上册,fire,1,2,100.0,0,0.0,1,83.0,1,100.0,5,100.0,2026-02-01,7itrYA2NJqRL6JRhoCkaFK
KFkbNA4im3gUR7gAvHvQ2k,湘少版（2024审定）四年级上册,flower,1,1,100.0,1,100.0,0,0.0,0,0.0,0,0.0,2026-02-01,7itrYA2NJqRL6JRhoCkaFK
MLHtSWaCY9uK3TcBySze39,湘少版（2024审定）四年级上册,ping-pong,1,0,0.0,0,0.0,1,83.0,0,0.0,1,100.0,2026-02-01,7itrYA2NJqRL6JRhoCkaFK
8mnKp18rD3CqjoKdAaTFr7,湘少版（2024审定）四年级上册,wear,1,0,0.0,0,0.0,0,0.0,0,0.0,1,100.0,2026-02-01,7itrYA2NJqRL6JRhoCkaFK
oZIXzvloXBzwWC769gnBQHyMXsuA,湘少版（2024审定）四年级上册,and,1,1,0.0,0,0.0,0,0.0,0,0.0,0,0.0,2026-02-01,7itrYA2NJqRL6JRhoCkaFK
UCM8KuTs498Y5j3z6NxXyC,湘少版（2024审定）四年级上册,room,1,0,0.0,1,100.0,0,0.0,0,0.0,1,100.0,2026-02-01,7itrYA2NJqRL6JRhoCkaFK
KFkbNA4im3gUR7gAvHvQ2k,湘少版（2024审定）四年级上册,classroom,1,1,100.0,1,100.0,0,0.0,0,0.0,0,0.0,2026-02-01,7itrYA2NJqRL6JRhoCkaFK
MLHtSWaCY9uK3TcBySze39,湘少版（2024审定）四年级上册,eat,1,0,0.0,0,0.0,0,0.0,0,0.0,3,100.0,2026-02-01,7itrYA2NJqRL6JRhoCkaFK
MLHtSWaCY9uK3TcBySze39,湘少版（2024审定）四年级上册,garden,1,0,0.0,0,0.0,1,88.0,0,0.0,0,0.0,2026-02-01,7itrYA2NJqRL6JRhoCkaFK
Aw3A3J9HA2zEECXE7yeEsV,湘少版（2024审定）四年级上册,class,1,3,100.0,0,0.0,0,0.0,0,0.0,0,0.0,2026-02-01,7itrYA2NJqRL6JRhoCkaFK
MLHtSWaCY9uK3TcBySze39,湘少版（2024审定）四年级上册,flower,1,0,0.0,0,0.0,1,98.0,0,0.0,0,0.0,2026-02-01,7itrYA2NJqRL6JRhoCkaFK
MLHtSWaCY9uK3TcBySze39,湘少版（2024审定）四年级上册,those,1,0,0.0,0,0.0,1,59.0,0,0.0,0,0.0,2026-02-01,7itrYA2NJqRL6JRhoCkaFK
KFkbNA4im3gUR7gAvHvQ2k,湘少版（2024审定）四年级上册,at,1,0,0.0,1,100.0,0,0.0,0,0.0,1,100.0,2026-02-01,7itrYA2NJqRL6JRhoCkaFK
UCM8KuTs498Y5j3z6NxXyC,湘少版（2024审定）四年级上册,playground,1,1,100.0,1,100.0,0,0.0,0,0.0,0,0.0,2026-02-01,7itrYA2NJqRL6JRhoCkaFK
UCM8KuTs498Y5j3z6NxXyC,湘少版（2024审定）四年级上册,rice,1,1,100.0,1,100.0,0,0.0,0,0.0,0,0.0,2026-02-01,7itrYA2NJqRL6JRhoCkaFK
42kbryeJpHsqRmerAsVVtu,湘少版（2024审定）四年级上册,elephant,1,0,0.0,1,100.0,0,0.0,0,0.0,1,100.0,2026-02-01,7itrYA2NJqRL6JRhoCkaFK
MLHtSWaCY9uK3TcBySze39,湘少版（2024审定）四年级上册,always,1,1,100.0,0,0.0,0,0.0,0,0.0,1,0.0,2026-02-01,7itrYA2NJqRL6JRhoCkaFK
oZIXzvloXBzwWC769gnBQHyMXsuA,湘少版（2024审定）四年级上册,desk,1,0,0.0,0,0.0,0,0.0,0,0.0,1,0.0,2026-02-01,7itrYA2NJqRL6JRhoCkaFK
MLHtSWaCY9uK3TcBySze39,湘少版（2024审定）四年级上册,of,1,1,100.0,0,0.0,0,0.0,0,0.0,2,100.0,2026-02-01,7itrYA2NJqRL6JRhoCkaFK
Aw3A3J9HA2zEECXE7yeEsV,湘少版（2024审定）四年级上册,classroom,1,1,100.0,1,100.0,0,0.0,0,0.0,3,100.0,2026-02-01,7itrYA2NJqRL6JRhoCkaFK
42kbryeJpHsqRmerAsVVtu,湘少版（2024审定）四年级上册,living room,1,1,100.0,1,100.0,0,0.0,0,0.0,0,0.0,2026-02-01,7itrYA2NJqRL6JRhoCkaFK
8mnKp18rD3CqjoKdAaTFr7,湘少版（2024审定）四年级上册,Monday,1,0,0.0,0,0.0,0,0.0,0,0.0,1,100.0,2026-02-01,7itrYA2NJqRL6JRhoCkaFK
oZIXzvloXBzwWC769gnBQHyMXsuA,湘少版（2024审定）四年级上册,office,1,1,0.0,0,0.0,0,0.0,0,0.0,0,0.0,2026-02-01,7itrYA2NJqRL6JRhoCkaFK
KFkbNA4im3gUR7gAvHvQ2k,湘少版（2024审定）四年级上册,lion,1,1,100.0,1,100.0,0,0.0,0,0.0,0,0.0,2026-02-01,7itrYA2NJqRL6JRhoCkaFK
8mnKp18rD3CqjoKdAaTFr7,湘少版（2024审定）四年级上册,lunch,1,0,0.0,0,0.0,0,0.0,0,0.0,1,100.0,2026-02-01,7itrYA2NJqRL6JRhoCkaFK
MLHtSWaCY9uK3TcBySze39,湘少版（2024审定）四年级上册,on fire,1,2,100.0,0,0.0,1,33.0,1,100.0,4,100.0,2026-02-01,7itrYA2NJqRL6JRhoCkaFK
WyJVSy6Uu6QCx4e1V8BWo3,湘少版（2024审定）四年级上册,music,1,0,0.0,1,100.0,0,0.0,0,0.0,1,100.0,2026-02-01,7itrYA2NJqRL6JRhoCkaFK
42kbryeJpHsqRmerAsVVtu,湘少版（2024审定）四年级上册,early,1,0,0.0,1,100.0,0,0.0,0,0.0,1,100.0,2026-02-01,7itrYA2NJqRL6JRhoCkaFK
oZIXzvloXBzwWC769gnBQHyMXsuA,湘少版（2024审定）四年级上册,art,1,0,0.0,0,0.0,0,0.0,0,0.0,1,0.0,2026-02-01,7itrYA2NJqRL6JRhoCkaFK
42kbryeJpHsqRmerAsVVtu,湘少版（2024审定）四年级上册,bag,1,1,100.0,1,100.0,0,0.0,0,0.0,0,0.0,2026-02-01,7itrYA2NJqRL6JRhoCkaFK
MLHtSWaCY9uK3TcBySze39,湘少版（2024审定）四年级上册,bee,1,0,0.0,0,0.0,1,97.0,0,0.0,0,0.0,2026-02-01,7itrYA2NJqRL6JRhoCkaFK
WyJVSy6Uu6QCx4e1V8BWo3,湘少版（2024审定）四年级上册,room,1,0,0.0,1,0.0,0,0.0,0,0.0,1,100.0,2026-02-01,7itrYA2NJqRL6JRhoCkaFK
oZIXzvloXBzwWC769gnBQHyMXsuA,湘少版（2024审定）四年级上册,story,1,1,100.0,0,0.0,0,0.0,0,0.0,0,0.0,2026-02-01,7itrYA2NJqRL6JRhoCkaFK
oZIXzvloXBzwWC769gnBQHyMXsuA,湘少版（2024审定）四年级上册,fun,1,1,100.0,0,0.0,0,0.0,0,0.0,0,0.0,2026-02-01,7itrYA2NJqRL6JRhoCkaFK
KFkbNA4im3gUR7gAvHvQ2k,湘少版（2024审定）四年级上册,whose,1,0,0.0,1,100.0,0,0.0,0,0.0,1,100.0,2026-02-01,7itrYA2NJqRL6JRhoCkaFK
T2MbGp5qiZkzzXQuU3ZPW2,湘少版（2024审定）四年级上册,wall,1,0,0.0,0,0.0,1,78.0,0,0.0,0,0.0,2026-02-01,7itrYA2NJqRL6JRhoCkaFK
MLHtSWaCY9uK3TcBySze39,湘少版（2024审定）四年级上册,take,1,1,100.0,0,0.0,0,0.0,0,0.0,2,100.0,2026-02-01,7itrYA2NJqRL6JRhoCkaFK
8mnKp18rD3CqjoKdAaTFr7,湘少版（2024审定）四年级上册,September,1,0,0.0,0,0.0,0,0.0,0,0.0,1,100.0,2026-02-01,7itrYA2NJqRL6JRhoCkaFK
KFkbNA4im3gUR7gAvHvQ2k,湘少版（2024审定）四年级上册,rice,1,1,100.0,1,100.0,0,0.0,0,0.0,0,0.0,2026-02-01,7itrYA2NJqRL6JRhoCkaFK
UCM8KuTs498Y5j3z6NxXyC,湘少版（2024审定）四年级上册,know,1,0,0.0,1,100.0,0,0.0,0,0.0,1,100.0,2026-02-01,7itrYA2NJqRL6JRhoCkaFK
KFkbNA4im3gUR7gAvHvQ2k,湘少版（2024审定）四年级上册,tall,1,0,0.0,1,100.0,0,0.0,0,0.0,1,100.0,2026-02-01,7itrYA2NJqRL6JRhoCkaFK
8mnKp18rD3CqjoKdAaTFr7,湘少版（2024审定）四年级上册,umbrella,1,0,0.0,0,0.0,0,0.0,0,0.0,1,100.0,2026-02-01,7itrYA2NJqRL6JRhoCkaFK
8mnKp18rD3CqjoKdAaTFr7,湘少版（2024审定）四年级上册,go to bed,1,0,0.0,0,0.0,0,0.0,0,0.0,1,100.0,2026-02-01,7itrYA2NJqRL6JRhoCkaFK
Aw3A3J9HA2zEECXE7yeEsV,湘少版（2024审定）四年级上册,a lot of,1,3,100.0,0,0.0,0,0.0,0,0.0,0,0.0,2026-02-01,7itrYA2NJqRL6JRhoCkaFK
KFkbNA4im3gUR7gAvHvQ2k,湘少版（2024审定）四年级上册,home,1,0,0.0,1,100.0,0,0.0,0,0.0,1,100.0,2026-02-01,7itrYA2NJqRL6JRhoCkaFK
Aw3A3J9HA2zEECXE7yeEsV,湘少版（2024审定）四年级上册,read,1,0,0.0,0,0.0,0,0.0,0,0.0,3,100.0,2026-02-01,7itrYA2NJqRL6JRhoCkaFK
MLHtSWaCY9uK3TcBySze39,湘少版（2024审定）四年级上册,rule,1,1,100.0,0,0.0,0,0.0,0,0.0,1,100.0,2026-02-01,7itrYA2NJqRL6JRhoCkaFK
MLHtSWaCY9uK3TcBySze39,湘少版（2024审定）四年级上册,have a try,1,0,0.0,0,0.0,1,63.0,0,0.0,1,100.0,2026-02-01,7itrYA2NJqRL6JRhoCkaFK
KFkbNA4im3gUR7gAvHvQ2k,湘少版（2024审定）四年级上册,get up,1,1,100.0,1,100.0,0,0.0,0,0.0,0,0.0,2026-02-01,7itrYA2NJqRL6JRhoCkaFK
MLHtSWaCY9uK3TcBySze39,湘少版（2024审定）四年级上册,whose,1,1,100.0,0,0.0,1,88.0,0,0.0,3,100.0,2026-02-01,7itrYA2NJqRL6JRhoCkaFK
Aw3A3J9HA2zEECXE7yeEsV,湘少版（2024审定）四年级上册,together,1,3,100.0,0,0.0,0,0.0,0,0.0,0,0.0,2026-02-01,7itrYA2NJqRL6JRhoCkaFK
T2MbGp5qiZkzzXQuU3ZPW2,湘少版（2024审定）四年级上册,write,1,0,0.0,0,0.0,1,70.0,0,0.0,0,0.0,2026-02-01,7itrYA2NJqRL6JRhoCkaFK
Aw3A3J9HA2zEECXE7yeEsV,湘少版（2024审定）四年级上册,lunch,1,3,100.0,0,0.0,0,0.0,0,0.0,0,0.0,2026-02-01,7itrYA2NJqRL6JRhoCkaFK
42kbryeJpHsqRmerAsVVtu,湘少版（2024审定）四年级上册,up,1,0,0.0,1,100.0,0,0.0,0,0.0,1,100.0,2026-02-01,7itrYA2NJqRL6JRhoCkaFK
UCM8KuTs498Y5j3z6NxXyC,湘少版（2024审定）四年级上册,get up,1,1,100.0,1,100.0,0,0.0,0,0.0,0,0.0,2026-02-01,7itrYA2NJqRL6JRhoCkaFK
MLHtSWaCY9uK3TcBySze39,湘少版（2024审定）四年级上册,bedroom,1,1,100.0,0,0.0,0,0.0,0,0.0,4,100.0,2026-02-01,7itrYA2NJqRL6JRhoCkaFK
KFkbNA4im3gUR7gAvHvQ2k,湘少版（2024审定）四年级上册,library,1,1,100.0,1,100.0,0,0.0,0,0.0,0,0.0,2026-02-01,7itrYA2NJqRL6JRhoCkaFK
Aw3A3J9HA2zEECXE7yeEsV,湘少版（2024审定）四年级上册,story,1,3,100.0,0,0.0,0,0.0,0,0.0,0,0.0,2026-02-01,7itrYA2NJqRL6JRhoCkaFK
MLHtSWaCY9uK3TcBySze39,湘少版（2024审定）四年级上册,film,1,1,0.0,0,0.0,0,0.0,0,0.0,2,100.0,2026-02-01,7itrYA2NJqRL6JRhoCkaFK
T2MbGp5qiZkzzXQuU3ZPW2,湘少版（2024审定）四年级上册,always,1,0,0.0,0,0.0,1,75.0,0,0.0,0,0.0,2026-02-01,7itrYA2NJqRL6JRhoCkaFK
KFkbNA4im3gUR7gAvHvQ2k,湘少版（2024审定）四年级上册,breakfast,1,0,0.0,1,100.0,0,0.0,0,0.0,1,100.0,2026-02-01,7itrYA2NJqRL6JRhoCkaFK
42kbryeJpHsqRmerAsVVtu,湘少版（2024审定）四年级上册,home,1,0,0.0,1,100.0,0,0.0,0,0.0,1,100.0,2026-02-01,7itrYA2NJqRL6JRhoCkaFK
Aw3A3J9HA2zEECXE7yeEsV,湘少版（2024审定）四年级上册,early,1,0,0.0,1,100.0,0,0.0,0,0.0,1,100.0,2026-02-01,7itrYA2NJqRL6JRhoCkaFK
UCM8KuTs498Y5j3z6NxXyC,湘少版（2024审定）四年级上册,tall,1,0,0.0,1,100.0,0,0.0,0,0.0,1,100.0,2026-02-01,7itrYA2NJqRL6JRhoCkaFK
T2MbGp5qiZkzzXQuU3ZPW2,湘少版（2024审定）四年级上册,down,1,0,0.0,0,0.0,1,87.0,0,0.0,0,0.0,2026-02-01,7itrYA2NJqRL6JRhoCkaFK
MLHtSWaCY9uK3TcBySze39,湘少版（2024审定）四年级上册,strange,1,0,0.0,0,0.0,1,33.0,1,100.0,3,100.0,2026-02-01,7itrYA2NJqRL6JRhoCkaFK
KFkbNA4im3gUR7gAvHvQ2k,湘少版（2024审定）四年级上册,policeman,1,0,0.0,0,0.0,0,0.0,0,0.0,1,100.0,2026-02-01,7itrYA2NJqRL6JRhoCkaFK
JRGHF9DYdXjcusTEhQDXoQ,湘少版（2024审定）四年级上册,vegetable,1,1,100.0,1,100.0,0,0.0,1,100.0,1,100.0,2026-02-01,7itrYA2NJqRL6JRhoCkaFK
KFkbNA4im3gUR7gAvHvQ2k,湘少版（2024审定）四年级上册,bedroom,1,1,100.0,0,0.0,0,0.0,0,0.0,0,0.0,2026-02-01,7itrYA2NJqRL6JRhoCkaFK
MLHtSWaCY9uK3TcBySze39,湘少版（2024审定）四年级上册,talk,1,0,0.0,0,0.0,1,92.0,0,0.0,5,100.0,2026-02-01,7itrYA2NJqRL6JRhoCkaFK
UCM8KuTs498Y5j3z6NxXyC,湘少版（2024审定）四年级上册,jump,1,0,0.0,1,100.0,0,0.0,0,0.0,1,100.0,2026-02-01,7itrYA2NJqRL6JRhoCkaFK
UCM8KuTs498Y5j3z6NxXyC,湘少版（2024审定）四年级上册,library,1,1,100.0,1,100.0,0,0.0,0,0.0,0,0.0,2026-02-01,7itrYA2NJqRL6JRhoCkaFK
MLHtSWaCY9uK3TcBySze39,湘少版（2024审定）四年级上册,want,1,0,0.0,0,0.0,1,96.0,0,0.0,0,0.0,2026-02-01,7itrYA2NJqRL6JRhoCkaFK
MLHtSWaCY9uK3TcBySze39,湘少版（2024审定）四年级上册,best,1,0,0.0,0,0.0,1,96.0,0,0.0,1,100.0,2026-02-01,7itrYA2NJqRL6JRhoCkaFK
MLHtSWaCY9uK3TcBySze39,湘少版（2024审定）四年级上册,home,1,2,100.0,1,100.0,0,0.0,0,0.0,2,100.0,2026-02-01,7itrYA2NJqRL6JRhoCkaFK
UCM8KuTs498Y5j3z6NxXyC,湘少版（2024审定）四年级上册,talk,1,0,0.0,1,100.0,0,0.0,0,0.0,1,100.0,2026-02-01,7itrYA2NJqRL6JRhoCkaFK
KFkbNA4im3gUR7gAvHvQ2k,湘少版（2024审定）四年级上册,late,1,0,0.0,1,100.0,0,0.0,0,0.0,1,100.0,2026-02-01,7itrYA2NJqRL6JRhoCkaFK
MLHtSWaCY9uK3TcBySze39,湘少版（2024审定）四年级上册,football,1,1,100.0,0,0.0,1,84.0,0,0.0,0,0.0,2026-02-01,7itrYA2NJqRL6JRhoCkaFK
T2MbGp5qiZkzzXQuU3ZPW2,湘少版（2024审定）四年级上册,reading room,1,0,0.0,0,0.0,1,48.0,0,0.0,0,0.0,2026-02-01,7itrYA2NJqRL6JRhoCkaFK
MLHtSWaCY9uK3TcBySze39,湘少版（2024审定）四年级上册,basketball,1,0,0.0,0,0.0,1,88.0,0,0.0,1,100.0,2026-02-01,7itrYA2NJqRL6JRhoCkaFK
oZIXzvloXBzwWC769gnBQHyMXsuA,湘少版（2024审定）四年级上册,canteen,1,0,0.0,0,0.0,0,0.0,0,0.0,1,0.0,2026-02-01,7itrYA2NJqRL6JRhoCkaFK
UCM8KuTs498Y5j3z6NxXyC,湘少版（2024审定）四年级上册,kitchen,1,1,100.0,1,100.0,0,0.0,0,0.0,0,0.0,2026-02-01,7itrYA2NJqRL6JRhoCkaFK
8mnKp18rD3CqjoKdAaTFr7,湘少版（2024审定）四年级上册,quiet,1,0,0.0,0,0.0,0,0.0,0,0.0,1,100.0,2026-02-01,7itrYA2NJqRL6JRhoCkaFK
MLHtSWaCY9uK3TcBySze39,湘少版（2024审定）四年级上册,run,1,1,100.0,0,0.0,1,80.0,0,0.0,1,100.0,2026-02-01,7itrYA2NJqRL6JRhoCkaFK
MLHtSWaCY9uK3TcBySze39,湘少版（2024审定）四年级上册,their,1,1,0.0,0,0.0,1,98.0,0,0.0,3,100.0,2026-02-01,7itrYA2NJqRL6JRhoCkaFK
KFkbNA4im3gUR7gAvHvQ2k,湘少版（2024审定）四年级上册,they,1,1,100.0,1,100.0,0,0.0,0,0.0,0,0.0,2026-02-01,7itrYA2NJqRL6JRhoCkaFK
42kbryeJpHsqRmerAsVVtu,湘少版（2024审定）四年级上册,bedroom,1,1,100.0,0,0.0,0,0.0,0,0.0,0,0.0,2026-02-01,7itrYA2NJqRL6JRhoCkaFK
T2MbGp5qiZkzzXQuU3ZPW2,湘少版（2024审定）四年级上册,rule,1,0,0.0,0,0.0,1,62.0,0,0.0,0,0.0,2026-02-01,7itrYA2NJqRL6JRhoCkaFK
Aw3A3J9HA2zEECXE7yeEsV,湘少版（2024审定）四年级上册,on,1,3,100.0,0,0.0,0,0.0,0,0.0,0,0.0,2026-02-01,7itrYA2NJqRL6JRhoCkaFK
oZIXzvloXBzwWC769gnBQHyMXsuA,湘少版（2024审定）四年级上册,read,1,0,0.0,0,0.0,0,0.0,0,0.0,1,100.0,2026-02-01,7itrYA2NJqRL6JRhoCkaFK
MLHtSWaCY9uK3TcBySze39,湘少版（2024审定）四年级上册,they,1,0,0.0,0,0.0,1,57.0,0,0.0,0,0.0,2026-02-01,7itrYA2NJqRL6JRhoCkaFK
MLHtSWaCY9uK3TcBySze39,湘少版（2024审定）四年级上册,player,1,0,0.0,0,0.0,1,71.0,0,0.0,2,100.0,2026-02-01,7itrYA2NJqRL6JRhoCkaFK
JRGHF9DYdXjcusTEhQDXoQ,湘少版（2024审定）四年级上册,say,1,2,100.0,1,100.0,0,0.0,0,0.0,1,100.0,2026-02-01,7itrYA2NJqRL6JRhoCkaFK
Aw3A3J9HA2zEECXE7yeEsV,湘少版（2024审定）四年级上册,music,1,3,100.0,1,100.0,0,0.0,0,0.0,1,100.0,2026-02-01,7itrYA2NJqRL6JRhoCkaFK
T2MbGp5qiZkzzXQuU3ZPW2,湘少版（2024审定）四年级上册,magic,1,0,0.0,0,0.0,1,72.0,0,0.0,0,0.0,2026-02-01,7itrYA2NJqRL6JRhoCkaFK
MLHtSWaCY9uK3TcBySze39,湘少版（2024审定）四年级上册,well,1,0,0.0,0,0.0,1,94.0,0,0.0,0,0.0,2026-02-01,7itrYA2NJqRL6JRhoCkaFK
T2MbGp5qiZkzzXQuU3ZPW2,湘少版（2024审定）四年级上册,take,1,0,0.0,0,0.0,1,95.0,0,0.0,0,0.0,2026-02-01,7itrYA2NJqRL6JRhoCkaFK
MLHtSWaCY9uK3TcBySze39,湘少版（2024审定）四年级上册,keep,1,2,100.0,0,0.0,1,37.0,0,0.0,5,100.0,2026-02-01,7itrYA2NJqRL6JRhoCkaFK
KFkbNA4im3gUR7gAvHvQ2k,湘少版（2024审定）四年级上册,key,1,1,100.0,0,0.0,0,0.0,0,0.0,0,0.0,2026-02-01,7itrYA2NJqRL6JRhoCkaFK
UCM8KuTs498Y5j3z6NxXyC,湘少版（2024审定）四年级上册,key,1,1,100.0,0,0.0,0,0.0,0,0.0,0,0.0,2026-02-01,7itrYA2NJqRL6JRhoCkaFK
8mnKp18rD3CqjoKdAaTFr7,湘少版（2024审定）四年级上册,where,1,0,0.0,0,0.0,0,0.0,0,0.0,1,100.0,2026-02-01,7itrYA2NJqRL6JRhoCkaFK
MLHtSWaCY9uK3TcBySze39,湘少版（2024审定）四年级上册,policewoman,1,0,0.0,0,0.0,1,92.0,1,100.0,2,100.0,2026-02-01,7itrYA2NJqRL6JRhoCkaFK
42kbryeJpHsqRmerAsVVtu,湘少版（2024审定）四年级上册,these,1,1,100.0,1,100.0,0,0.0,0,0.0,0,0.0,2026-02-01,7itrYA2NJqRL6JRhoCkaFK
UCM8KuTs498Y5j3z6NxXyC,湘少版（2024审定）四年级上册,photo,1,1,100.0,1,100.0,0,0.0,0,0.0,0,0.0,2026-02-01,7itrYA2NJqRL6JRhoCkaFK
UCM8KuTs498Y5j3z6NxXyC,湘少版（2024审定）四年级上册,up,1,0,0.0,1,100.0,0,0.0,0,0.0,1,100.0,2026-02-01,7itrYA2NJqRL6JRhoCkaFK
KFkbNA4im3gUR7gAvHvQ2k,湘少版（2024审定）四年级上册,high,1,0,0.0,0,0.0,0,0.0,0,0.0,1,100.0,2026-02-01,7itrYA2NJqRL6JRhoCkaFK
UCM8KuTs498Y5j3z6NxXyC,湘少版（2024审定）四年级上册,policeman,1,0,0.0,0,0.0,0,0.0,0,0.0,1,100.0,2026-02-01,7itrYA2NJqRL6JRhoCkaFK
Aw3A3J9HA2zEECXE7yeEsV,湘少版（2024审定）四年级上册,canteen,1,0,0.0,0,0.0,0,0.0,0,0.0,3,100.0,2026-02-01,7itrYA2NJqRL6JRhoCkaFK
KFkbNA4im3gUR7gAvHvQ2k,湘少版（2024审定）四年级上册,photo,1,1,100.0,1,100.0,0,0.0,0,0.0,0,0.0,2026-02-01,7itrYA2NJqRL6JRhoCkaFK
MLHtSWaCY9uK3TcBySze39,湘少版（2024审定）四年级上册,parent,1,1,100.0,1,0.0,0,0.0,0,0.0,4,100.0,2026-02-01,7itrYA2NJqRL6JRhoCkaFK
UCM8KuTs498Y5j3z6NxXyC,湘少版（2024审定）四年级上册,whose,1,0,0.0,1,100.0,0,0.0,0,0.0,1,100.0,2026-02-01,7itrYA2NJqRL6JRhoCkaFK
8mnKp18rD3CqjoKdAaTFr7,湘少版（2024审定）四年级上册,basketball,1,0,0.0,0,0.0,0,0.0,0,0.0,1,100.0,2026-02-01,7itrYA2NJqRL6JRhoCkaFK
MLHtSWaCY9uK3TcBySze39,湘少版（2024审定）四年级上册,with,1,0,0.0,0,0.0,2,93.0,0,0.0,4,100.0,2026-02-01,7itrYA2NJqRL6JRhoCkaFK
8mnKp18rD3CqjoKdAaTFr7,湘少版（2024审定）四年级上册,watch,1,0,0.0,0,0.0,0,0.0,0,0.0,1,100.0,2026-02-01,7itrYA2NJqRL6JRhoCkaFK
Aw3A3J9HA2zEECXE7yeEsV,湘少版（2024审定）四年级上册,grade,1,0,0.0,0,0.0,0,0.0,3,100.0,0,0.0,2026-02-01,7itrYA2NJqRL6JRhoCkaFK
MLHtSWaCY9uK3TcBySze39,湘少版（2024审定）四年级上册,late,1,1,100.0,0,0.0,0,0.0,0,0.0,2,100.0,2026-02-01,7itrYA2NJqRL6JRhoCkaFK
Aw3A3J9HA2zEECXE7yeEsV,湘少版（2024审定）四年级上册,eat,1,3,100.0,0,0.0,0,0.0,0,0.0,0,0.0,2026-02-01,7itrYA2NJqRL6JRhoCkaFK
MLHtSWaCY9uK3TcBySze39,湘少版（2024审定）四年级上册,table,1,1,100.0,1,0.0,0,0.0,0,0.0,3,100.0,2026-02-01,7itrYA2NJqRL6JRhoCkaFK
8mnKp18rD3CqjoKdAaTFr7,湘少版（2024审定）四年级上册,whose,1,0,0.0,0,0.0,0,0.0,0,0.0,1,100.0,2026-02-01,7itrYA2NJqRL6JRhoCkaFK
UCM8KuTs498Y5j3z6NxXyC,湘少版（2024审定）四年级上册,those,1,0,0.0,1,100.0,0,0.0,0,0.0,1,100.0,2026-02-01,7itrYA2NJqRL6JRhoCkaFK
MLHtSWaCY9uK3TcBySze39,湘少版（2024审定）四年级上册,river,1,0,0.0,0,0.0,1,65.0,0,0.0,0,0.0,2026-02-01,7itrYA2NJqRL6JRhoCkaFK
oZIXzvloXBzwWC769gnBQHyMXsuA,湘少版（2024审定）四年级上册,music,1,1,100.0,0,0.0,0,0.0,0,0.0,0,0.0,2026-02-01,7itrYA2NJqRL6JRhoCkaFK
42kbryeJpHsqRmerAsVVtu,湘少版（2024审定）四年级上册,get up,1,1,100.0,1,100.0,0,0.0,0,0.0,0,0.0,2026-02-01,7itrYA2NJqRL6JRhoCkaFK
KFkbNA4im3gUR7gAvHvQ2k,湘少版（2024审定）四年级上册,those,1,0,0.0,1,100.0,0,0.0,0,0.0,1,100.0,2026-02-01,7itrYA2NJqRL6JRhoCkaFK
T2MbGp5qiZkzzXQuU3ZPW2,湘少版（2024审定）四年级上册,of,1,0,0.0,0,0.0,1,75.0,0,0.0,0,0.0,2026-02-01,7itrYA2NJqRL6JRhoCkaFK
UCM8KuTs498Y5j3z6NxXyC,湘少版（2024审定）四年级上册,strong,1,1,100.0,1,100.0,0,0.0,0,0.0,0,0.0,2026-02-01,7itrYA2NJqRL6JRhoCkaFK
Aw3A3J9HA2zEECXE7yeEsV,湘少版（2024审定）四年级上册,get up,1,1,100.0,1,100.0,0,0.0,0,0.0,0,0.0,2026-02-01,7itrYA2NJqRL6JRhoCkaFK
MLHtSWaCY9uK3TcBySze39,湘少版（2024审定）四年级上册,word,1,1,100.0,0,0.0,0,0.0,0,0.0,2,100.0,2026-02-01,7itrYA2NJqRL6JRhoCkaFK
MLHtSWaCY9uK3TcBySze39,湘少版（2024审定）四年级上册,maybe,1,0,0.0,0,0.0,1,87.0,0,0.0,0,0.0,2026-02-01,7itrYA2NJqRL6JRhoCkaFK
MLHtSWaCY9uK3TcBySze39,湘少版（2024审定）四年级上册,fly,1,0,0.0,0,0.0,1,83.0,0,0.0,0,0.0,2026-02-01,7itrYA2NJqRL6JRhoCkaFK
MLHtSWaCY9uK3TcBySze39,湘少版（2024审定）四年级上册,living room,1,2,100.0,1,0.0,0,0.0,0,0.0,4,100.0,2026-02-01,7itrYA2NJqRL6JRhoCkaFK
MLHtSWaCY9uK3TcBySze39,湘少版（2024审定）四年级上册,chair,1,1,100.0,1,100.0,0,0.0,0,0.0,5,100.0,2026-02-01,7itrYA2NJqRL6JRhoCkaFK
T2MbGp5qiZkzzXQuU3ZPW2,湘少版（2024审定）四年级上册,really,1,0,0.0,0,0.0,1,71.0,0,0.0,0,0.0,2026-02-01,7itrYA2NJqRL6JRhoCkaFK
oZIXzvloXBzwWC769gnBQHyMXsuA,湘少版（2024审定）四年级上册,classroom,1,0,0.0,0,0.0,0,0.0,0,0.0,1,100.0,2026-02-01,7itrYA2NJqRL6JRhoCkaFK
Aw3A3J9HA2zEECXE7yeEsV,湘少版（2024审定）四年级上册,breakfast,1,0,0.0,1,100.0,0,0.0,0,0.0,1,100.0,2026-02-01,7itrYA2NJqRL6JRhoCkaFK
KFkbNA4im3gUR7gAvHvQ2k,湘少版（2024审定）四年级上册,living room,1,1,100.0,1,100.0,0,0.0,0,0.0,0,0.0,2026-02-01,7itrYA2NJqRL6JRhoCkaFK
KFkbNA4im3gUR7gAvHvQ2k,湘少版（2024审定）四年级上册,elephant,1,0,0.0,1,100.0,0,0.0,0,0.0,1,100.0,2026-02-01,7itrYA2NJqRL6JRhoCkaFK
MLHtSWaCY9uK3TcBySze39,湘少版（2024审定）四年级上册,cousin,1,0,0.0,1,0.0,0,0.0,0,0.0,2,100.0,2026-02-01,7itrYA2NJqRL6JRhoCkaFK
KFkbNA4im3gUR7gAvHvQ2k,湘少版（2024审定）四年级上册,fish,1,1,100.0,1,100.0,0,0.0,0,0.0,0,0.0,2026-02-01,7itrYA2NJqRL6JRhoCkaFK
MLHtSWaCY9uK3TcBySze39,湘少版（2024审定）四年级上册,around,1,1,100.0,0,0.0,1,37.0,0,0.0,1,100.0,2026-02-01,7itrYA2NJqRL6JRhoCkaFK
KFkbNA4im3gUR7gAvHvQ2k,湘少版（2024审定）四年级上册,job,1,1,100.0,1,100.0,0,0.0,0,0.0,0,0.0,2026-02-01,7itrYA2NJqRL6JRhoCkaFK
Aw3A3J9HA2zEECXE7yeEsV,湘少版（2024审定）四年级上册,and,1,3,100.0,0,0.0,0,0.0,0,0.0,0,0.0,2026-02-01,7itrYA2NJqRL6JRhoCkaFK
JRGHF9DYdXjcusTEhQDXoQ,湘少版（2024审定）四年级上册,noodle,1,1,100.0,1,100.0,0,0.0,1,0.0,1,100.0,2026-02-01,7itrYA2NJqRL6JRhoCkaFK
MLHtSWaCY9uK3TcBySze39,湘少版（2024审定）四年级上册,umbrella,1,1,100.0,0,0.0,1,80.0,0,0.0,4,100.0,2026-02-01,7itrYA2NJqRL6JRhoCkaFK
42kbryeJpHsqRmerAsVVtu,湘少版（2024审定）四年级上册,they,1,1,100.0,1,100.0,0,0.0,0,0.0,0,0.0,2026-02-01,7itrYA2NJqRL6JRhoCkaFK
MLHtSWaCY9uK3TcBySze39,湘少版（2024审定）四年级上册,kitchen,1,2,100.0,1,0.0,0,0.0,0,0.0,6,100.0,2026-02-01,7itrYA2NJqRL6JRhoCkaFK
oZIXzvloXBzwWC769gnBQHyMXsuA,湘少版（2024审定）四年级上册,computer,1,0,0.0,0,0.0,0,0.0,0,0.0,1,100.0,2026-02-01,7itrYA2NJqRL6JRhoCkaFK
UCM8KuTs498Y5j3z6NxXyC,湘少版（2024审定）四年级上册,take,1,1,100.0,1,100.0,0,0.0,0,0.0,0,0.0,2026-02-01,7itrYA2NJqRL6JRhoCkaFK
8mnKp18rD3CqjoKdAaTFr7,湘少版（2024审定）四年级上册,get up,1,0,0.0,0,0.0,0,0.0,0,0.0,1,100.0,2026-02-01,7itrYA2NJqRL6JRhoCkaFK
MLHtSWaCY9uK3TcBySze39,湘少版（2024审定）四年级上册,zip,1,0,0.0,0,0.0,1,82.0,0,0.0,3,100.0,2026-02-01,7itrYA2NJqRL6JRhoCkaFK
42kbryeJpHsqRmerAsVVtu,湘少版（2024审定）四年级上册,whose,1,0,0.0,1,100.0,0,0.0,0,0.0,1,0.0,2026-02-01,7itrYA2NJqRL6JRhoCkaFK
MLHtSWaCY9uK3TcBySze39,湘少版（2024审定）四年级上册,bag,1,2,100.0,0,0.0,1,76.0,0,0.0,4,100.0,2026-02-01,7itrYA2NJqRL6JRhoCkaFK
KFkbNA4im3gUR7gAvHvQ2k,湘少版（2024审定）四年级上册,take,1,1,100.0,1,100.0,0,0.0,0,0.0,0,0.0,2026-02-01,7itrYA2NJqRL6JRhoCkaFK
MLHtSWaCY9uK3TcBySze39,湘少版（2024审定）四年级上册,watch,1,1,100.0,1,0.0,1,98.0,0,0.0,3,100.0,2026-02-01,7itrYA2NJqRL6JRhoCkaFK
42kbryeJpHsqRmerAsVVtu,湘少版（2024审定）四年级上册,classroom,1,1,100.0,1,100.0,0,0.0,0,0.0,0,0.0,2026-02-01,7itrYA2NJqRL6JRhoCkaFK
42kbryeJpHsqRmerAsVVtu,湘少版（2024审定）四年级上册,job,1,1,100.0,1,100.0,0,0.0,0,0.0,0,0.0,2026-02-01,7itrYA2NJqRL6JRhoCkaFK
42kbryeJpHsqRmerAsVVtu,湘少版（2024审定）四年级上册,library,1,1,100.0,1,100.0,0,0.0,0,0.0,0,0.0,2026-02-01,7itrYA2NJqRL6JRhoCkaFK
8mnKp18rD3CqjoKdAaTFr7,湘少版（2024审定）四年级上册,evening,1,0,0.0,0,0.0,0,0.0,0,0.0,1,100.0,2026-02-01,7itrYA2NJqRL6JRhoCkaFK
UCM8KuTs498Y5j3z6NxXyC,湘少版（2024审定）四年级上册,can,1,0,0.0,1,100.0,0,0.0,0,0.0,1,100.0,2026-02-01,7itrYA2NJqRL6JRhoCkaFK
KFkbNA4im3gUR7gAvHvQ2k,湘少版（2024审定）四年级上册,up,1,0,0.0,1,100.0,0,0.0,0,0.0,1,100.0,2026-02-01,7itrYA2NJqRL6JRhoCkaFK
MLHtSWaCY9uK3TcBySze39,湘少版（2024审定）四年级上册,scientist,1,2,100.0,0,0.0,1,37.0,0,0.0,6,100.0,2026-02-01,7itrYA2NJqRL6JRhoCkaFK
oZIXzvloXBzwWC769gnBQHyMXsuA,湘少版（2024审定）四年级上册,lion,1,0,0.0,0,0.0,0,0.0,0,0.0,1,100.0,2026-02-01,7itrYA2NJqRL6JRhoCkaFK
42kbryeJpHsqRmerAsVVtu,湘少版（2024审定）四年级上册,policeman,1,0,0.0,0,0.0,0,0.0,0,0.0,1,100.0,2026-02-01,7itrYA2NJqRL6JRhoCkaFK
MLHtSWaCY9uK3TcBySze39,湘少版（2024审定）四年级上册,write,1,1,100.0,0,0.0,1,86.0,0,0.0,2,100.0,2026-02-01,7itrYA2NJqRL6JRhoCkaFK
Aw3A3J9HA2zEECXE7yeEsV,湘少版（2024审定）四年级上册,up,1,0,0.0,1,100.0,0,0.0,0,0.0,1,100.0,2026-02-01,7itrYA2NJqRL6JRhoCkaFK
MLHtSWaCY9uK3TcBySze39,湘少版（2024审定）四年级上册,writer,1,1,100.0,0,0.0,1,97.0,0,0.0,6,100.0,2026-02-01,7itrYA2NJqRL6JRhoCkaFK
MLHtSWaCY9uK3TcBySze39,湘少版（2024审定）四年级上册,shot,1,0,0.0,0,0.0,1,87.0,0,0.0,0,0.0,2026-02-01,7itrYA2NJqRL6JRhoCkaFK
KFkbNA4im3gUR7gAvHvQ2k,湘少版（2024审定）四年级上册,early,1,0,0.0,1,100.0,0,0.0,0,0.0,1,100.0,2026-02-01,7itrYA2NJqRL6JRhoCkaFK
KFkbNA4im3gUR7gAvHvQ2k,湘少版（2024审定）四年级上册,and,1,0,0.0,1,100.0,0,0.0,0,0.0,1,100.0,2026-02-01,7itrYA2NJqRL6JRhoCkaFK
MLHtSWaCY9uK3TcBySze39,湘少版（2024审定）四年级上册,can,1,0,0.0,0,0.0,1,100.0,0,0.0,0,0.0,2026-02-01,7itrYA2NJqRL6JRhoCkaFK
UCM8KuTs498Y5j3z6NxXyC,湘少版（2024审定）四年级上册,fish,1,1,100.0,1,100.0,0,0.0,0,0.0,0,0.0,2026-02-01,7itrYA2NJqRL6JRhoCkaFK
oZIXzvloXBzwWC769gnBQHyMXsuA,湘少版（2024审定）四年级上册,on,1,1,100.0,0,0.0,0,0.0,0,0.0,0,0.0,2026-02-01,7itrYA2NJqRL6JRhoCkaFK
KFkbNA4im3gUR7gAvHvQ2k,湘少版（2024审定）四年级上册,basketball,1,1,100.0,1,100.0,0,0.0,0,0.0,0,0.0,2026-02-01,7itrYA2NJqRL6JRhoCkaFK
MLHtSWaCY9uK3TcBySze39,湘少版（2024审定）四年级上册,dangerous,1,1,100.0,0,0.0,1,89.0,0,0.0,1,100.0,2026-02-01,7itrYA2NJqRL6JRhoCkaFK
MLHtSWaCY9uK3TcBySze39,湘少版（2024审定）四年级上册,rabbit,1,1,100.0,0,0.0,1,97.0,0,0.0,0,0.0,2026-02-01,7itrYA2NJqRL6JRhoCkaFK
8mnKp18rD3CqjoKdAaTFr7,湘少版（2024审定）四年级上册,know,1,0,0.0,0,0.0,0,0.0,0,0.0,1,100.0,2026-02-01,7itrYA2NJqRL6JRhoCkaFK
KFkbNA4im3gUR7gAvHvQ2k,湘少版（2024审定）四年级上册,dumpling,1,0,0.0,0,0.0,0,0.0,0,0.0,1,100.0,2026-02-01,7itrYA2NJqRL6JRhoCkaFK
Aw3A3J9HA2zEECXE7yeEsV,湘少版（2024审定）四年级上册,computer,1,0,0.0,0,0.0,0,0.0,0,0.0,3,100.0,2026-02-01,7itrYA2NJqRL6JRhoCkaFK
MLHtSWaCY9uK3TcBySze39,湘少版（2024审定）四年级上册,have a look,1,0,0.0,0,0.0,1,61.0,0,0.0,0,0.0,2026-02-01,7itrYA2NJqRL6JRhoCkaFK
KFkbNA4im3gUR7gAvHvQ2k,湘少版（2024审定）四年级上册,know,1,0,0.0,1,100.0,0,0.0,0,0.0,1,100.0,2026-02-01,7itrYA2NJqRL6JRhoCkaFK
8mnKp18rD3CqjoKdAaTFr7,湘少版（2024审定）四年级上册,home,1,0,0.0,0,0.0,0,0.0,0,0.0,1,100.0,2026-02-01,7itrYA2NJqRL6JRhoCkaFK
UCM8KuTs498Y5j3z6NxXyC,湘少版（2024审定）四年级上册,flower,1,1,100.0,1,100.0,0,0.0,0,0.0,0,0.0,2026-02-01,7itrYA2NJqRL6JRhoCkaFK
UCM8KuTs498Y5j3z6NxXyC,湘少版（2024审定）四年级上册,these,1,1,100.0,1,100.0,0,0.0,0,0.0,0,0.0,2026-02-01,7itrYA2NJqRL6JRhoCkaFK
T2MbGp5qiZkzzXQuU3ZPW2,湘少版（2024审定）四年级上册,talk,1,0,0.0,0,0.0,1,97.0,0,0.0,0,0.0,2026-02-01,7itrYA2NJqRL6JRhoCkaFK
MLHtSWaCY9uK3TcBySze39,湘少版（2024审定）四年级上册,magic,1,0,0.0,0,0.0,0,0.0,1,100.0,1,100.0,2026-02-01,7itrYA2NJqRL6JRhoCkaFK
UCM8KuTs498Y5j3z6NxXyC,湘少版（2024审定）四年级上册,elephant,1,0,0.0,1,100.0,0,0.0,0,0.0,1,100.0,2026-02-01,7itrYA2NJqRL6JRhoCkaFK
UCM8KuTs498Y5j3z6NxXyC,湘少版（2024审定）四年级上册,high,1,0,0.0,0,0.0,0,0.0,0,0.0,1,100.0,2026-02-01,7itrYA2NJqRL6JRhoCkaFK
8mnKp18rD3CqjoKdAaTFr7,湘少版（2024审定）四年级上册,up,1,0,0.0,0,0.0,0,0.0,0,0.0,1,100.0,2026-02-01,7itrYA2NJqRL6JRhoCkaFK
JRGHF9DYdXjcusTEhQDXoQ,湘少版（2024审定）四年级上册,hamburger,1,0,0.0,0,0.0,0,0.0,1,100.0,1,100.0,2026-02-01,7itrYA2NJqRL6JRhoCkaFK
MLHtSWaCY9uK3TcBySze39,湘少版（2024审定）四年级上册,really,1,1,0.0,0,0.0,0,0.0,0,0.0,0,0.0,2026-02-01,7itrYA2NJqRL6JRhoCkaFK
T2MbGp5qiZkzzXQuU3ZPW2,湘少版（2024审定）四年级上册,film,1,0,0.0,0,0.0,1,35.0,0,0.0,0,0.0,2026-02-01,7itrYA2NJqRL6JRhoCkaFK
KFkbNA4im3gUR7gAvHvQ2k,湘少版（2024审定）四年级上册,room,1,0,0.0,1,100.0,0,0.0,0,0.0,1,100.0,2026-02-01,7itrYA2NJqRL6JRhoCkaFK
KFkbNA4im3gUR7gAvHvQ2k,湘少版（2024审定）四年级上册,write,1,1,100.0,1,100.0,0,0.0,0,0.0,0,0.0,2026-02-01,7itrYA2NJqRL6JRhoCkaFK
UCM8KuTs498Y5j3z6NxXyC,湘少版（2024审定）四年级上册,bedroom,1,1,100.0,0,0.0,0,0.0,0,0.0,0,0.0,2026-02-01,7itrYA2NJqRL6JRhoCkaFK
UCM8KuTs498Y5j3z6NxXyC,湘少版（2024审定）四年级上册,write,1,1,100.0,1,100.0,0,0.0,0,0.0,0,0.0,2026-02-01,7itrYA2NJqRL6JRhoCkaFK
MLHtSWaCY9uK3TcBySze39,湘少版（2024审定）四年级上册,yellow,0,0,0.0,0,0.0,0,0.0,0,0.0,1,100.0,2026-02-01,7itrYA2NJqRL6JRhoCkaFK
MLHtSWaCY9uK3TcBySze39,湘少版（2024审定）四年级上册,tidy,1,2,100.0,1,100.0,0,0.0,0,0.0,4,100.0,2026-02-01,7itrYA2NJqRL6JRhoCkaFK
MLHtSWaCY9uK3TcBySze39,湘少版（2024审定）四年级上册,key,1,1,100.0,0,0.0,1,97.0,0,0.0,2,100.0,2026-02-01,7itrYA2NJqRL6JRhoCkaFK
8mnKp18rD3CqjoKdAaTFr7,湘少版（2024审定）四年级上册,pet,1,0,0.0,0,0.0,0,0.0,0,0.0,1,100.0,2026-02-01,7itrYA2NJqRL6JRhoCkaFK
MLHtSWaCY9uK3TcBySze39,湘少版（2024审定）四年级上册,everything,1,1,0.0,0,0.0,1,36.0,1,100.0,2,100.0,2026-02-01,7itrYA2NJqRL6JRhoCkaFK
Aw3A3J9HA2zEECXE7yeEsV,湘少版（2024审定）四年级上册,fun,1,3,100.0,0,0.0,0,0.0,0,0.0,0,0.0,2026-02-01,7itrYA2NJqRL6JRhoCkaFK
MLHtSWaCY9uK3TcBySze39,湘少版（2024审定）四年级上册,fireman,1,1,100.0,0,0.0,1,31.0,0,0.0,6,100.0,2026-02-01,7itrYA2NJqRL6JRhoCkaFK
JRGHF9DYdXjcusTEhQDXoQ,湘少版（2024审定）四年级上册,rice,1,0,0.0,0,0.0,0,0.0,0,0.0,3,100.0,2026-02-01,7itrYA2NJqRL6JRhoCkaFK
UCM8KuTs498Y5j3z6NxXyC,湘少版（2024审定）四年级上册,eat,1,0,0.0,1,100.0,0,0.0,0,0.0,1,100.0,2026-02-01,7itrYA2NJqRL6JRhoCkaFK
Aw3A3J9HA2zEECXE7yeEsV,湘少版（2024审定）四年级上册,lion,1,0,0.0,0,0.0,0,0.0,0,0.0,3,100.0,2026-02-01,7itrYA2NJqRL6JRhoCkaFK
MLHtSWaCY9uK3TcBySze39,湘少版（2024审定）四年级上册,wonderful,1,0,0.0,0,0.0,1,96.0,0,0.0,5,100.0,2026-02-01,7itrYA2NJqRL6JRhoCkaFK
MLHtSWaCY9uK3TcBySze39,湘少版（2024审定）四年级上册,outing,1,0,0.0,0,0.0,1,91.0,0,0.0,0,0.0,2026-02-01,7itrYA2NJqRL6JRhoCkaFK
KFkbNA4im3gUR7gAvHvQ2k,湘少版（2024审定）四年级上册,player,1,0,0.0,0,0.0,0,0.0,0,0.0,1,100.0,2026-02-01,7itrYA2NJqRL6JRhoCkaFK
Aw3A3J9HA2zEECXE7yeEsV,湘少版（2024审定）四年级上册,playground,1,1,100.0,1,100.0,0,0.0,0,0.0,3,100.0,2026-02-01,7itrYA2NJqRL6JRhoCkaFK
MLHtSWaCY9uK3TcBySze39,湘少版（2024审定）四年级上册,bed,0,0,0.0,0,0.0,0,0.0,0,0.0,2,100.0,2026-02-01,7itrYA2NJqRL6JRhoCkaFK
KFkbNA4im3gUR7gAvHvQ2k,湘少版（2024审定）四年级上册,bag,1,1,100.0,1,100.0,0,0.0,0,0.0,0,0.0,2026-02-01,7itrYA2NJqRL6JRhoCkaFK
JRGHF9DYdXjcusTEhQDXoQ,湘少版（2024审定）四年级上册,chicken,1,1,100.0,1,100.0,0,0.0,1,100.0,1,100.0,2026-02-01,7itrYA2NJqRL6JRhoCkaFK
MLHtSWaCY9uK3TcBySze39,湘少版（2024审定）四年级上册,quiet,1,1,100.0,0,0.0,1,88.0,0,0.0,2,100.0,2026-02-01,7itrYA2NJqRL6JRhoCkaFK
MLHtSWaCY9uK3TcBySze39,湘少版（2024审定）四年级上册,swim,1,0,0.0,0,0.0,1,89.0,0,0.0,0,0.0,2026-02-01,7itrYA2NJqRL6JRhoCkaFK
42kbryeJpHsqRmerAsVVtu,湘少版（2024审定）四年级上册,tall,1,0,0.0,1,100.0,0,0.0,0,0.0,1,100.0,2026-02-01,7itrYA2NJqRL6JRhoCkaFK
KFkbNA4im3gUR7gAvHvQ2k,湘少版（2024审定）四年级上册,strong,1,1,100.0,1,100.0,0,0.0,0,0.0,0,0.0,2026-02-01,7itrYA2NJqRL6JRhoCkaFK
JRGHF9DYdXjcusTEhQDXoQ,湘少版（2024审定）四年级上册,and,1,1,100.0,0,0.0,0,0.0,1,100.0,0,0.0,2026-02-01,7itrYA2NJqRL6JRhoCkaFK
Aw3A3J9HA2zEECXE7yeEsV,湘少版（2024审定）四年级上册,colour,1,3,100.0,0,0.0,0,0.0,0,0.0,0,0.0,2026-02-01,7itrYA2NJqRL6JRhoCkaFK
JRGHF9DYdXjcusTEhQDXoQ,湘少版（2024审定）四年级上册,they,1,1,100.0,1,100.0,0,0.0,0,0.0,1,100.0,2026-02-01,7itrYA2NJqRL6JRhoCkaFK
Aw3A3J9HA2zEECXE7yeEsV,湘少版（2024审定）四年级上册,garden,1,3,100.0,0,0.0,0,0.0,0,0.0,0,0.0,2026-02-01,7itrYA2NJqRL6JRhoCkaFK
MLHtSWaCY9uK3TcBySze39,湘少版（2024审定）四年级上册,wind,1,0,0.0,0,0.0,1,30.0,0,0.0,0,0.0,2026-02-01,7itrYA2NJqRL6JRhoCkaFK
oZIXzvloXBzwWC769gnBQHyMXsuA,湘少版（2024审定）四年级上册,lunch,1,1,100.0,0,0.0,0,0.0,0,0.0,0,0.0,2026-02-01,7itrYA2NJqRL6JRhoCkaFK
MLHtSWaCY9uK3TcBySze39,湘少版（2024审定）四年级上册,desk,1,2,100.0,1,100.0,0,0.0,0,0.0,6,100.0,2026-02-01,7itrYA2NJqRL6JRhoCkaFK
MLHtSWaCY9uK3TcBySze39,湘少版（2024审定）四年级上册,know,1,0,0.0,0,0.0,1,96.0,1,100.0,2,100.0,2026-02-01,7itrYA2NJqRL6JRhoCkaFK
42kbryeJpHsqRmerAsVVtu,湘少版（2024审定）四年级上册,take,1,1,100.0,1,100.0,0,0.0,0,0.0,0,0.0,2026-02-01,7itrYA2NJqRL6JRhoCkaFK
T2MbGp5qiZkzzXQuU3ZPW2,湘少版（2024审定）四年级上册,eat,1,0,0.0,0,0.0,1,73.0,0,0.0,0,0.0,2026-02-01,7itrYA2NJqRL6JRhoCkaFK
MLHtSWaCY9uK3TcBySze39,湘少版（2024审定）四年级上册,seed,1,0,0.0,0,0.0,1,60.0,0,0.0,0,0.0,2026-02-01,7itrYA2NJqRL6JRhoCkaFK
JRGHF9DYdXjcusTEhQDXoQ,湘少版（2024审定）四年级上册,bread,1,1,100.0,1,100.0,0,0.0,1,100.0,2,100.0,2026-02-01,7itrYA2NJqRL6JRhoCkaFK
42kbryeJpHsqRmerAsVVtu,湘少版（2024审定）四年级上册,breakfast,1,0,0.0,1,100.0,0,0.0,0,0.0,1,100.0,2026-02-01,7itrYA2NJqRL6JRhoCkaFK
UCM8KuTs498Y5j3z6NxXyC,湘少版（2024审定）四年级上册,music,1,0,0.0,1,100.0,0,0.0,0,0.0,1,100.0,2026-02-01,7itrYA2NJqRL6JRhoCkaFK
T2MbGp5qiZkzzXQuU3ZPW2,湘少版（2024审定）四年级上册,sunshine,1,0,0.0,0,0.0,1,77.0,0,0.0,0,0.0,2026-02-01,7itrYA2NJqRL6JRhoCkaFK
JRGHF9DYdXjcusTEhQDXoQ,湘少版（2024审定）四年级上册,they're=they are,1,1,100.0,1,100.0,0,0.0,0,0.0,1,100.0,2026-02-01,7itrYA2NJqRL6JRhoCkaFK
MLHtSWaCY9uK3TcBySze39,湘少版（2024审定）四年级上册,interesting,1,0,0.0,0,0.0,0,0.0,0,0.0,2,100.0,2026-02-01,7itrYA2NJqRL6JRhoCkaFK
UCM8KuTs498Y5j3z6NxXyC,湘少版（2024审定）四年级上册,they,1,1,100.0,1,100.0,0,0.0,0,0.0,0,0.0,2026-02-01,7itrYA2NJqRL6JRhoCkaFK
KFkbNA4im3gUR7gAvHvQ2k,湘少版（2024审定）四年级上册,can,1,0,0.0,1,100.0,0,0.0,0,0.0,1,100.0,2026-02-01,7itrYA2NJqRL6JRhoCkaFK
JRGHF9DYdXjcusTEhQDXoQ,湘少版（2024审定）四年级上册,yummy,1,1,0.0,0,0.0,0,0.0,0,0.0,1,100.0,2026-02-01,7itrYA2NJqRL6JRhoCkaFK
42kbryeJpHsqRmerAsVVtu,湘少版（2024审定）四年级上册,photo,1,1,100.0,1,100.0,0,0.0,0,0.0,0,0.0,2026-02-01,7itrYA2NJqRL6JRhoCkaFK
UCM8KuTs498Y5j3z6NxXyC,湘少版（2024审定）四年级上册,at,1,0,0.0,1,100.0,0,0.0,0,0.0,1,100.0,2026-02-01,7itrYA2NJqRL6JRhoCkaFK
KFkbNA4im3gUR7gAvHvQ2k,湘少版（2024审定）四年级上册,talk,1,0,0.0,1,100.0,0,0.0,0,0.0,1,100.0,2026-02-01,7itrYA2NJqRL6JRhoCkaFK
MLHtSWaCY9uK3TcBySze39,湘少版（2024审定）四年级上册,policeman,1,0,0.0,0,0.0,1,95.0,0,0.0,6,100.0,2026-02-01,7itrYA2NJqRL6JRhoCkaFK
8mnKp18rD3CqjoKdAaTFr7,湘少版（2024审定）四年级上册,breakfast,1,0,0.0,0,0.0,0,0.0,0,0.0,1,100.0,2026-02-01,7itrYA2NJqRL6JRhoCkaFK
42kbryeJpHsqRmerAsVVtu,湘少版（2024审定）四年级上册,at,1,0,0.0,1,100.0,0,0.0,0,0.0,1,100.0,2026-02-01,7itrYA2NJqRL6JRhoCkaFK
oZIXzvloXBzwWC769gnBQHyMXsuA,湘少版（2024审定）四年级上册,room,1,1,0.0,0,0.0,0,0.0,0,0.0,0,0.0,2026-02-01,7itrYA2NJqRL6JRhoCkaFK
oZIXzvloXBzwWC769gnBQHyMXsuA,湘少版（2024审定）四年级上册,library,1,0,0.0,0,0.0,0,0.0,0,0.0,1,0.0,2026-02-01,7itrYA2NJqRL6JRhoCkaFK
T2MbGp5qiZkzzXQuU3ZPW2,湘少版（2024审定）四年级上册,class,1,0,0.0,0,0.0,1,94.0,0,0.0,0,0.0,2026-02-01,7itrYA2NJqRL6JRhoCkaFK
KFkbNA4im3gUR7gAvHvQ2k,湘少版（2024审定）四年级上册,kitchen,1,1,100.0,1,100.0,0,0.0,0,0.0,0,0.0,2026-02-01,7itrYA2NJqRL6JRhoCkaFK
UCM8KuTs498Y5j3z6NxXyC,湘少版（2024审定）四年级上册,player,1,0,0.0,0,0.0,0,0.0,0,0.0,1,100.0,2026-02-01,7itrYA2NJqRL6JRhoCkaFK
UCM8KuTs498Y5j3z6NxXyC,湘少版（2024审定）四年级上册,breakfast,1,0,0.0,1,100.0,0,0.0,0,0.0,1,100.0,2026-02-01,7itrYA2NJqRL6JRhoCkaFK
MLHtSWaCY9uK3TcBySze39,湘少版（2024审定）四年级上册,job,1,2,100.0,0,0.0,1,87.0,0,0.0,1,100.0,2026-02-01,7itrYA2NJqRL6JRhoCkaFK
MLHtSWaCY9uK3TcBySze39,湘少版（2024审定）四年级上册,down,1,0,0.0,0,0.0,0,0.0,0,0.0,1,100.0,2026-02-01,7itrYA2NJqRL6JRhoCkaFK
KFkbNA4im3gUR7gAvHvQ2k,湘少版（2024审定）四年级上册,playground,1,1,100.0,1,100.0,0,0.0,0,0.0,0,0.0,2026-02-01,7itrYA2NJqRL6JRhoCkaFK
oZIXzvloXBzwWC769gnBQHyMXsuA,湘少版（2024审定）四年级上册,together,1,1,100.0,0,0.0,0,0.0,0,0.0,0,0.0,2026-02-01,7itrYA2NJqRL6JRhoCkaFK
WyJVSy6Uu6QCx4e1V8BWo3,湘少版（2024审定）四年级上册,classroom,1,1,100.0,1,100.0,0,0.0,0,0.0,0,0.0,2026-02-01,7itrYA2NJqRL6JRhoCkaFK
MLHtSWaCY9uK3TcBySze39,湘少版（2024审定）四年级上册,house,1,2,100.0,1,0.0,0,0.0,0,0.0,1,100.0,2026-02-01,7itrYA2NJqRL6JRhoCkaFK
42kbryeJpHsqRmerAsVVtu,湘少版（2024审定）四年级上册,eat,1,0,0.0,1,100.0,0,0.0,0,0.0,1,100.0,2026-02-01,7itrYA2NJqRL6JRhoCkaFK
42kbryeJpHsqRmerAsVVtu,湘少版（2024审定）四年级上册,talk,1,0,0.0,1,100.0,0,0.0,0,0.0,1,100.0,2026-02-01,7itrYA2NJqRL6JRhoCkaFK
KFkbNA4im3gUR7gAvHvQ2k,湘少版（2024审定）四年级上册,these,1,1,100.0,1,100.0,0,0.0,0,0.0,0,0.0,2026-02-01,7itrYA2NJqRL6JRhoCkaFK
MLHtSWaCY9uK3TcBySze39,湘少版（2024审定）四年级上册,wear,1,1,100.0,0,0.0,1,85.0,0,0.0,5,100.0,2026-02-01,7itrYA2NJqRL6JRhoCkaFK
Aw3A3J9HA2zEECXE7yeEsV,湘少版（2024审定）四年级上册,at,1,0,0.0,1,100.0,0,0.0,0,0.0,1,100.0,2026-02-01,7itrYA2NJqRL6JRhoCkaFK
42kbryeJpHsqRmerAsVVtu,湘少版（2024审定）四年级上册,room,1,0,0.0,1,100.0,0,0.0,0,0.0,1,100.0,2026-02-01,7itrYA2NJqRL6JRhoCkaFK
MLHtSWaCY9uK3TcBySze39,湘少版（2024审定）四年级上册,fast,1,0,0.0,0,0.0,1,73.0,0,0.0,1,100.0,2026-02-01,7itrYA2NJqRL6JRhoCkaFK
42kbryeJpHsqRmerAsVVtu,湘少版（2024审定）四年级上册,playground,1,1,100.0,1,100.0,0,0.0,0,0.0,0,0.0,2026-02-01,7itrYA2NJqRL6JRhoCkaFK
MLHtSWaCY9uK3TcBySze39,湘少版（2024审定）四年级上册,join,1,0,0.0,0,0.0,1,57.0,0,0.0,0,0.0,2026-02-01,7itrYA2NJqRL6JRhoCkaFK
MLHtSWaCY9uK3TcBySze39,湘少版（2024审定）四年级上册,litter,1,2,100.0,0,0.0,0,0.0,1,100.0,2,100.0,2026-02-01,7itrYA2NJqRL6JRhoCkaFK
oZIXzvloXBzwWC769gnBQHyMXsuA,湘少版（2024审定）四年级上册,class,1,1,100.0,0,0.0,0,0.0,0,0.0,0,0.0,2026-02-01,7itrYA2NJqRL6JRhoCkaFK
UCM8KuTs498Y5j3z6NxXyC,湘少版（2024审定）四年级上册,dumpling,1,0,0.0,0,0.0,0,0.0,0,0.0,1,100.0,2026-02-01,7itrYA2NJqRL6JRhoCkaFK
MLHtSWaCY9uK3TcBySze39,湘少版（2024审定）四年级上册,wall,1,1,0.0,0,0.0,0,0.0,0,0.0,2,100.0,2026-02-01,7itrYA2NJqRL6JRhoCkaFK
oZIXzvloXBzwWC769gnBQHyMXsuA,湘少版（2024审定）四年级上册,of,1,0,0.0,0,0.0,0,0.0,1,100.0,0,0.0,2026-02-01,7itrYA2NJqRL6JRhoCkaFK
T2MbGp5qiZkzzXQuU3ZPW2,湘少版（2024审定）四年级上册,word,1,0,0.0,0,0.0,1,69.0,0,0.0,0,0.0,2026-02-01,7itrYA2NJqRL6JRhoCkaFK
MLHtSWaCY9uK3TcBySze39,湘少版（2024审定）四年级上册,jump,1,0,0.0,0,0.0,1,98.0,0,0.0,2,100.0,2026-02-01,7itrYA2NJqRL6JRhoCkaFK
8mnKp18rD3CqjoKdAaTFr7,湘少版（2024审定）四年级上册,bag,1,0,0.0,0,0.0,0,0.0,0,0.0,1,100.0,2026-02-01,7itrYA2NJqRL6JRhoCkaFK
MLHtSWaCY9uK3TcBySze39,湘少版（2024审定）四年级上册,pet,1,1,0.0,0,0.0,1,71.0,0,0.0,3,100.0,2026-02-01,7itrYA2NJqRL6JRhoCkaFK
T2MbGp5qiZkzzXQuU3ZPW2,湘少版（2024审定）四年级上册,litter,1,0,0.0,0,0.0,1,80.0,0,0.0,0,0.0,2026-02-01,7itrYA2NJqRL6JRhoCkaFK
KFkbNA4im3gUR7gAvHvQ2k,湘少版（2024审定）四年级上册,eat,1,0,0.0,1,100.0,0,0.0,0,0.0,1,100.0,2026-02-01,7itrYA2NJqRL6JRhoCkaFK
MLHtSWaCY9uK3TcBySze39,湘少版（2024审定）四年级上册,astronaut,1,2,100.0,0,0.0,1,51.0,0,0.0,5,100.0,2026-02-01,7itrYA2NJqRL6JRhoCkaFK
8mnKp18rD3CqjoKdAaTFr7,湘少版（2024审定）四年级上册,at,1,0,0.0,0,0.0,0,0.0,0,0.0,1,100.0,2026-02-01,7itrYA2NJqRL6JRhoCkaFK
Aw3A3J9HA2zEECXE7yeEsV,湘少版（2024审定）四年级上册,art,1,0,0.0,0,0.0,0,0.0,0,0.0,3,100.0,2026-02-01,7itrYA2NJqRL6JRhoCkaFK
UCM8KuTs498Y5j3z6NxXyC,湘少版（2024审定）四年级上册,and,1,0,0.0,1,100.0,0,0.0,0,0.0,1,100.0,2026-02-01,7itrYA2NJqRL6JRhoCkaFK
42kbryeJpHsqRmerAsVVtu,湘少版（2024审定）四年级上册,music,1,0,0.0,1,100.0,0,0.0,0,0.0,1,100.0,2026-02-01,7itrYA2NJqRL6JRhoCkaFK
42kbryeJpHsqRmerAsVVtu,湘少版（2024审定）四年级上册,player,1,0,0.0,0,0.0,0,0.0,0,0.0,1,100.0,2026-02-01,7itrYA2NJqRL6JRhoCkaFK
8mnKp18rD3CqjoKdAaTFr7,湘少版（2024审定）四年级上册,hurry,1,0,0.0,0,0.0,0,0.0,0,0.0,1,100.0,2026-02-01,7itrYA2NJqRL6JRhoCkaFK
KFkbNA4im3gUR7gAvHvQ2k,湘少版（2024审定）四年级上册,music,1,0,0.0,1,100.0,0,0.0,0,0.0,1,100.0,2026-02-01,7itrYA2NJqRL6JRhoCkaFK
MLHtSWaCY9uK3TcBySze39,湘少版（2024审定）四年级上册,say,1,0,0.0,0,0.0,0,0.0,0,0.0,2,100.0,2026-02-01,7itrYA2NJqRL6JRhoCkaFK
oZIXzvloXBzwWC769gnBQHyMXsuA,湘少版（2024审定）四年级上册,eat,1,1,100.0,0,0.0,0,0.0,0,0.0,0,0.0,2026-02-01,7itrYA2NJqRL6JRhoCkaFK
MLHtSWaCY9uK3TcBySze39,湘少版（2024审定）四年级上册,far,1,1,100.0,0,0.0,1,80.0,0,0.0,0,0.0,2026-02-01,7itrYA2NJqRL6JRhoCkaFK
UCM8KuTs498Y5j3z6NxXyC,湘少版（2024审定）四年级上册,living room,1,1,100.0,1,100.0,0,0.0,0,0.0,0,0.0,2026-02-01,7itrYA2NJqRL6JRhoCkaFK
Aw3A3J9HA2zEECXE7yeEsV,湘少版（2024审定）四年级上册,library,1,1,100.0,1,100.0,0,0.0,0,0.0,3,100.0,2026-02-01,7itrYA2NJqRL6JRhoCkaFK
oZIXzvloXBzwWC769gnBQHyMXsuA,湘少版（2024审定）四年级上册,a lot of,1,1,0.0,0,0.0,0,0.0,0,0.0,0,0.0,2026-02-01,7itrYA2NJqRL6JRhoCkaFK
KFkbNA4im3gUR7gAvHvQ2k,湘少版（2024审定）四年级上册,be,1,0,0.0,1,100.0,0,0.0,0,0.0,1,100.0,2026-02-01,7itrYA2NJqRL6JRhoCkaFK
UCM8KuTs498Y5j3z6NxXyC,湘少版（2024审定）四年级上册,bag,1,1,100.0,1,100.0,0,0.0,0,0.0,0,0.0,2026-02-01,7itrYA2NJqRL6JRhoCkaFK
8mnKp18rD3CqjoKdAaTFr7,湘少版（2024审定）四年级上册,after,1,0,0.0,0,0.0,0,0.0,0,0.0,1,0.0,2026-02-01,7itrYA2NJqRL6JRhoCkaFK
UCM8KuTs498Y5j3z6NxXyC,湘少版（2024审定）四年级上册,job,1,1,100.0,1,100.0,0,0.0,0,0.0,0,0.0,2026-02-01,7itrYA2NJqRL6JRhoCkaFK
MLHtSWaCY9uK3TcBySze39,湘少版（2024审定）四年级上册,photo,1,2,100.0,0,0.0,1,91.0,0,0.0,7,100.0,2026-02-01,7itrYA2NJqRL6JRhoCkaFK
